<?xml version="1.0" encoding="UTF-8"?><metadata>
    <idinfo>
        <citation>
            <citeinfo>
                <title>Precincts</title>
                <geoform>vector digital data</geoform>
            </citeinfo>
        </citation>
        <spdom>
            <bounding>
                <westbc>-115.898391</westbc>
                <eastbc>-114.030955</eastbc>
                <northbc>36.856307</northbc>
                <southbc>34.996083</southbc>
            </bounding>
        </spdom>
        <accconst>None</accconst>
        <useconst>None</useconst>
        <native>Esri ArcGIS 13.1.3.41833</native>
    </idinfo>
    <spdoinfo>
        <direct>Vector</direct>
        <ptvctinf>
            <sdtsterm>
                <sdtstype>GT-polygon composed of chains</sdtstype>
                <ptvctcnt>0</ptvctcnt>
            </sdtsterm>
        </ptvctinf>
    </spdoinfo>
    <eainfo>
        <detailed>
            <enttyp>
                <enttypl>Precincts</enttypl>
            </enttyp>
            <attr>
                <attrlabl>FID</attrlabl>
                <attrdef>Internal feature number.</attrdef>
                <attrdefs>Esri</attrdefs>
                <attrdomv>
                                        
                    <udom>Sequential unique whole numbers that are automatically generated.</udom>
                                    
                </attrdomv>
            </attr>
            <attr>
                <attrlabl>Shape</attrlabl>
                <attrdef>Feature geometry.</attrdef>
                <attrdefs>Esri</attrdefs>
                <attrdomv>
                                        
                    <udom>Coordinates defining the features.</udom>
                                    
                </attrdomv>
            </attr>
            <attr>
                <attrlabl>PREC</attrlabl>
            </attr>
            <attr>
                <attrlabl>WARD</attrlabl>
            </attr>
            <attr>
                <attrlabl>COMMISSION</attrlabl>
            </attr>
            <attr>
                <attrlabl>ASSEMBLY</attrlabl>
            </attr>
            <attr>
                <attrlabl>SENATE</attrlabl>
            </attr>
            <attr>
                <attrlabl>EDUCATION</attrlabl>
            </attr>
            <attr>
                <attrlabl>REGENT</attrlabl>
            </attr>
            <attr>
                <attrlabl>SCHOOL</attrlabl>
            </attr>
            <attr>
                <attrlabl>CONGRESS</attrlabl>
            </attr>
            <attr>
                <attrlabl>TOWNSHIP</attrlabl>
            </attr>
            <attr>
                <attrlabl>POLLING</attrlabl>
            </attr>
            <attr>
                <attrlabl>GlobalID</attrlabl>
            </attr>
            <attr>
                <attrlabl>Shape_Leng</attrlabl>
            </attr>
            <attr>
                <attrlabl>SHAPE_AREA</attrlabl>
                <attrdef>Area of feature in internal units squared.</attrdef>
                <attrdefs>Esri</attrdefs>
                <attrdomv>
                                        
                    <udom>Positive real numbers that are automatically generated.</udom>
                                    
                </attrdomv>
            </attr>
            <attr>
                <attrlabl>SHAPE_LEN</attrlabl>
            </attr>
        </detailed>
    </eainfo>
    <metainfo>
        <metd>20240208</metd>
        <metstdn>FGDC Content Standard for Digital Geospatial Metadata</metstdn>
        <metstdv>FGDC-STD-001-1998</metstdv>
        <mettc>local time</mettc>
    </metainfo>
</metadata>
